{
    "type": "user",
    "editor": {
        "lineNumbers": true,
        "glyphMargin": false,
        "tabSize": "auto",
        "insertSpaces": "auto",
        "roundedSelection": true,
        "scrollBeyondLastLine": true,
        "wrappingColumn": 300,
        "quickSuggestions": true,
        "quickSuggestionsDelay": 500,
        "autoClosingBrackets": true,
        "formatOnType": false,
        "suggestOnTriggerCharacters": true,
        "overviewRulerLanes": 3,
        "hideCursorInOverviewRuler": false
    },
    "console": {
        "lineNumbers": false,
        "roundedSelection": true,
        "wrappingColumn": 0,
        "quickSuggestionsDelay": 50,
        "scrollBeyondLastLine": true,
        "hideCursorInOverviewRuler": true
    },
    "languages": {
        "vs.languages.css": {
            "validationSettings": {
                "lint": {
                    "compatibleVendorPrefixes": "ignore",
                    "vendorPrefix": "warning",
                    "duplicateProperties": "ignore",
                    "emptyRules": "warning",
                    "importStatement": "ignore",
                    "boxModel": "ignore",
                    "universalSelector": "warning",
                    "zeroUnits": "ignore",
                    "fontFaceProperties": "warning",
                    "hexColorLength": "error",
                    "argumentsInColorFunction": "error",
                    "unknownProperties": "warning",
                    "unknownVendorSpecificProperties": "ignore",
                    "propertyIgnoredDueToDisplay": "warning",
                    "important": "ignore",
                    "float": "ignore",
                    "idSelector": "ignore"
                }
            }
        },
        "vs.languages.javascript": {
            "suggestSettings": {
                "alwaysAllWords": false,
                "useCodeSnippetsOnMethodSuggest": false
            },
            "validationSettings": {
                "target": "ES5",
                "module": "",
                "baseUrl": "",
                "lint": {
                    "curlyBracketsMustNotBeOmitted": "ignore",
                    "emptyBlocksWithoutComment": "ignore",
                    "comparisonOperatorsNotStrict": "ignore",
                    "missingSemicolon": "ignore",
                    "reservedKeywords": "warning",
                    "typeScriptSpecifics": "warning",
                    "unknownTypeOfResults": "warning",
                    "semicolonsInsteadOfBlocks": "ignore",
                    "functionsInsideLoops": "ignore",
                    "tripleSlashReferenceAlike": "warning",
                    "unusedVariables": "ignore",
                    "unusedFunctions": "ignore",
                    "newOnLowercaseFunctions": "warning",
                    "newOnReturningFunctions": "warning",
                    "redeclaredVariables": "warning",
                    "undeclaredVariables": "warning",
                    "unknownProperty": "ignore",
                    "primitivesInInstanceOf": "error",
                    "mixedTypesArithmetics": "warning",
                    "forcedTypeConversion": "warning"
                }
            }
        },
        "vs.languages.json": {
            "schemas": []
        },
        "markdown": {
            "styles": []
        },
        "vs.languages.typescript": {
            "suggestSettings": {
                "alwaysAllWords": false,
                "useCodeSnippetsOnMethodSuggest": false
            },
            "allowMultipleWorkers": false,
            "validationSettings": {
                "target": "ES5",
                "baseUrl": "",
                "module": "",
                "lint": {
                    "emptyBlocksWithoutComment": "ignore",
                    "curlyBracketsMustNotBeOmitted": "ignore",
                    "comparisonOperatorsNotStrict": "ignore",
                    "missingSemicolon": "ignore",
                    "unknownTypeOfResults": "ignore",
                    "semicolonsInsteadOfBlocks": "ignore",
                    "functionsInsideLoops": "ignore",
                    "functionsWithoutReturnType": "ignore",
                    "tripleSlashReferenceAlike": "ignore",
                    "unusedImports": "ignore",
                    "unusedVariables": "ignore",
                    "unusedFunctions": "ignore",
                    "unusedMembers": "ignore"
                }
            }
        },
        "less": {
            "validationSettings": {
                "lint": {
                    "compatibleVendorPrefixes": "ignore",
                    "vendorPrefix": "warning",
                    "duplicateProperties": "ignore",
                    "emptyRules": "warning",
                    "importStatement": "ignore",
                    "boxModel": "ignore",
                    "universalSelector": "warning",
                    "zeroUnits": "ignore",
                    "fontFaceProperties": "warning",
                    "hexColorLength": "error",
                    "argumentsInColorFunction": "error",
                    "unknownProperties": "warning",
                    "unknownVendorSpecificProperties": "ignore",
                    "propertyIgnoredDueToDisplay": "warning",
                    "important": "ignore",
                    "float": "ignore",
                    "idSelector": "ignore"
                }
            }
        },
        "sass": {
            "validationSettings": {
                "lint": {
                    "compatibleVendorPrefixes": "ignore",
                    "vendorPrefix": "warning",
                    "duplicateProperties": "ignore",
                    "emptyRules": "warning",
                    "importStatement": "ignore",
                    "boxModel": "ignore",
                    "universalSelector": "warning",
                    "zeroUnits": "ignore",
                    "fontFaceProperties": "warning",
                    "hexColorLength": "error",
                    "argumentsInColorFunction": "error",
                    "unknownProperties": "warning",
                    "unknownVendorSpecificProperties": "ignore",
                    "propertyIgnoredDueToDisplay": "warning",
                    "important": "ignore",
                    "float": "ignore",
                    "idSelector": "ignore"
                }
            }
        }
    },
    "search": {
        "excludeFolders": [
            ".git",
            "node_modules"
        ]
    },
    "run": {
        "suffix": ""
    }
}