﻿<parameters>
  <parameter name="IIS Web Application Name" defaultValue="ImpiantiAdF" tags="IisApp">
    <parameterEntry kind="ProviderPath" scope="IisApp" match="^C:\\Users\\daneri\\AppData\\Local\\Temp\\WebSitePublish\\Impianti--2118231368\\obj\\Debug\\Package\\PackageTmp$" />
    <parameterEntry kind="ProviderPath" scope="setAcl" match="^C:\\Users\\daneri\\AppData\\Local\\Temp\\WebSitePublish\\Impianti--2118231368\\obj\\Debug\\Package\\PackageTmp$" />
  </parameter>
  <parameter name="DbImpianti-Web.config Connection String" defaultValue="Data Source=tcp:bbrlpmm4lw.database.windows.net,1433;Initial Catalog=DbImpianti;User ID=ADFIEA@bbrlpmm4lw;Password=01Gennaio1996">
    <parameterEntry kind="XmlFile" scope="C:\\Users\\daneri\\AppData\\Local\\Temp\\WebSitePublish\\Impianti--2118231368\\obj\\Debug\\Package\\PackageTmp\\web\.config$" match="/configuration/connectionStrings/add[@name='DbImpianti']/@connectionString" />
  </parameter>
  <parameter name="DefaultConnection-Web.config Connection String" defaultValue="Data Source=tcp:bbrlpmm4lw.database.windows.net,1433;Initial Catalog=DbImpianti;User ID=ADFIEA@bbrlpmm4lw;Password=01Gennaio1996">
    <parameterEntry kind="XmlFile" scope="C:\\Users\\daneri\\AppData\\Local\\Temp\\WebSitePublish\\Impianti--2118231368\\obj\\Debug\\Package\\PackageTmp\\web\.config$" match="/configuration/connectionStrings/add[@name='DefaultConnection']/@connectionString" />
  </parameter>
  <parameter name="Impianti-Web.config Connection String" defaultValue="Data Source=tcp:bbrlpmm4lw.database.windows.net,1433;Initial Catalog=DbImpianti;User ID=ADFIEA@bbrlpmm4lw;Password=01Gennaio1996">
    <parameterEntry kind="XmlFile" scope="C:\\Users\\daneri\\AppData\\Local\\Temp\\WebSitePublish\\Impianti--2118231368\\obj\\Debug\\Package\\PackageTmp\\web\.config$" match="/configuration/connectionStrings/add[@name='Impianti']/@connectionString" />
  </parameter>
</parameters>