﻿<parameters>
  <parameter name="IIS Web Application Name" defaultValue="DocImpianti" tags="IisApp">
    <parameterEntry kind="ProviderPath" scope="IisApp" match="^C:\\Users\\daneri\\Documents\\Visual\ Studio\ 2012\\Projects\\DocumentazioneImpianti\\DocImpianti\\DocumentazioneImpianti\\obj\\Debug\\Package\\PackageTmp$" />
    <parameterEntry kind="ProviderPath" scope="setAcl" match="^C:\\Users\\daneri\\Documents\\Visual\ Studio\ 2012\\Projects\\DocumentazioneImpianti\\DocImpianti\\DocumentazioneImpianti\\obj\\Debug\\Package\\PackageTmp$" />
  </parameter>
  <parameter name="DefaultConnection-Web.config Connection String" defaultValue="Data Source=DANERI\SQLEXPRESS;Initial Catalog=DbImpianti;User ID=UtenteBorgoCason;Password=8Maggio2010">
    <parameterEntry kind="XmlFile" scope="C:\\Users\\daneri\\Documents\\Visual\ Studio\ 2012\\Projects\\DocumentazioneImpianti\\DocImpianti\\DocumentazioneImpianti\\obj\\Debug\\Package\\PackageTmp\\web\.config$" match="/configuration/connectionStrings/add[@name='DefaultConnection']/@connectionString" />
  </parameter>
  <parameter name="Impianti-Web.config Connection String" defaultValue="Data Source=DANERI\SQLEXPRESS;Initial Catalog=DbImpianti;User ID=UtenteBorgoCason;Password=8Maggio2010">
    <parameterEntry kind="XmlFile" scope="C:\\Users\\daneri\\Documents\\Visual\ Studio\ 2012\\Projects\\DocumentazioneImpianti\\DocImpianti\\DocumentazioneImpianti\\obj\\Debug\\Package\\PackageTmp\\web\.config$" match="/configuration/connectionStrings/add[@name='Impianti']/@connectionString" />
  </parameter>
  <parameter name="DefaultConnection-Deployment Connection String" defaultValue="Data Source=DANERI\SQLEXPRESS;Initial Catalog=DbImpianti;User ID=UtenteBorgoCason;Password=8Maggio2010" tags="SqlConnectionString">
    <parameterEntry kind="ProviderPath" scope="DbDacFx" match="^C:\\Users\\daneri\\Documents\\Visual\ Studio\ 2012\\Projects\\DocumentazioneImpianti\\DocImpianti\\DocumentazioneImpianti\\obj\\Debug\\AutoScripts\\DefaultConnection_IncrementalSchemaOnly\.dacpac$" />
  </parameter>
  <parameter name="Impianti-Deployment Connection String" defaultValue="Data Source=DANERI\SQLEXPRESS;Initial Catalog=DbImpianti;User ID=UtenteBorgoCason;Password=8Maggio2010" tags="SqlConnectionString">
    <parameterEntry kind="ProviderPath" scope="DbDacFx" match="^C:\\Users\\daneri\\Documents\\Visual\ Studio\ 2012\\Projects\\DocumentazioneImpianti\\DocImpianti\\DocumentazioneImpianti\\obj\\Debug\\AutoScripts\\Impianti_IncrementalSchemaOnly\.dacpac$" />
  </parameter>
</parameters>